{
  "assetsByChunkName": {
    "vendors~app-account~app-confirmation~app-order": [
      "chunk.af10aba1fddfb0a501b8.js",
      "chunk.af10aba1fddfb0a501b8.js.map"
    ],
    "vendors~app-account~app-checkout": [
      "chunk.3072a1d2ee30dfe556ae.js",
      "chunk.3072a1d2ee30dfe556ae.js.map"
    ],
    "vendors~app-cart~app-checkout": [
      "chunk.c0465a17e5937aa8a4f9.js",
      "chunk.c0465a17e5937aa8a4f9.js.map"
    ],
    "admin": [
      "admin.2384d64d5f95e6dae248.js",
      "admin.2384d64d5f95e6dae248.js.map"
    ],
    "app-account": [
      "chunk.c09798b7c97e497cdd7c.js",
      "chunk.c09798b7c97e497cdd7c.js.map"
    ],
    "app-cart": [
      "chunk.fe5e1bb1aac66f3bf41d.js",
      "chunk.fe5e1bb1aac66f3bf41d.js.map"
    ],
    "app-confirmation": [
      "chunk.d934c1b595ce2e02a084.js",
      "chunk.d934c1b595ce2e02a084.js.map"
    ],
    "app-order": [
      "chunk.73c4257cbfee6ea3fe7f.js",
      "chunk.73c4257cbfee6ea3fe7f.js.map"
    ],
    "checkout": [
      "checkout.9c23a49d7823681bf070.js",
      "checkout.9c23a49d7823681bf070.js.map"
    ],
    "storefront": [
      "storefront.0de28a857120507a3f7b.css",
      "storefront.7019db8055a7150f372b.js",
      "storefront.0de28a857120507a3f7b.css.map",
      "storefront.7019db8055a7150f372b.js.map"
    ],
    "vendors~app-checkout": [
      "chunk.b511ce85626460e2388a.js",
      "chunk.b511ce85626460e2388a.js.map"
    ]
  }
}